text,tag,class
หน้าหลัก,span,link-inner
Popular Feature,span,link-inner
ข่าวสาร,span,link-inner
HERO SCHOOL,span,link-inner
คู่มือ,span,link-inner
ดาวน์โหลด,span,link-inner
กระดานสนทนา,span,link-inner
ติดต่อเรา,span,link-inner
เปิดบัญชีหุ้นกับ Finansia HERO,span,vcex-heading-inner clr
Finansia HERO,span,text-nowrap
ง่ายๆ แค่ 2 ขั้นตอน ก็เปิดบัญชีหุ้นได้ อนุมัติไวภายใน 8 นาที,p,
8 นาที,strong,font-orange
กรอกข้อมูลส่วนตัว เพื่อเปิดบัญชีหุ้น,li,
ยืนยันตัวตน,li,
เปิดบัญชีหุ้น,span,theme-button-inner
ดาวน์โหลดแอป Finansia HERO ได้ที่นี่,p,
แอปพลิเคชันเทรดหุ้นที่ถูกพัฒนาขึ้นจากระบบเทรดหุ้นออนไลน์ อันดับ 1 ของเกาหลี ผสานเทคโนโลยีล้ำสมัยและการออกแบบตรงตามความต้องการของนักเทรดหุ้นคนไทย ช่วยแก้ปัญหาและตอบโจทย์ให้นักลงทุนคนไทยมากที่สุด,p,
เปิดบัญชีหุ้นได้ไว ภายใน 8 นาที ใช้ฟีเจอร์ฟรี ไม่มีขั้นต่ำ ช่วยให้การเทรดหุ้นออนไลน์ของคุณกลายเป็นเรื่องง่าย สะดวก รวดเร็ว และมีประสิทธิภาพกว่าเดิม ตอบโจทย์ทุกการลงทุน ไม่พลาดทุกโอกาสทำกำไร,p,
ทำไมต้อง “Finansia HERO”,span,
"รับสิทธิ์ ""จองหุ้น IPO""",div,vcex-icon-box-heading wpex-rcss wpex-68c23db16321a
"เป็นโบรกเดียวในประเทศ ที่ให้รายย่อย
มีโอกาสเข้าถึงหุ้น IPO 2 ส่วน",p,
โบรกเดียวในประเทศ,strong,""""
จัดสรรตามค่าคอมมิชชั่น,li,
จองผ่านหน้าเว็บแบบจองก่อนมีสิทธิ์ก่อน เฉพาะลูกค้าที่เทรดด้วย Finansia HERO,li,
"""เปิดบัญชีหุ้นไว ภายใน 8 นาที""",div,vcex-icon-box-heading wpex-rcss wpex-68c23db163769
เพียง 2 ขั้นตอนก็เทรดหุ้นได้ทันที,p,
กรอกข้อมูลส่วนตัว,li,
"""เครื่องมือดี ใช้งานฟรี""เทรดไม่มีขั้นต่ำ",div,vcex-icon-box-heading wpex-rcss wpex-68c23db163c5d
"ใช้ Feature Real-time ดีๆ ได้แบบฟรีๆ
ไม่มีค่าใช้จ่าย และไม่มีขั้นต่ำในการเทรด",p,
Auto Order ไม่มีขั้นต่ำ,li,
HERO Strong Trend ฟรี!,li,
HERO Sequential ฟรี!,li,
ฝาก-ถอนไว! วงเงินขึ้นทันทีไม่มีขั้นต่ำ,div,vcex-icon-box-heading wpex-rcss wpex-68c23db164164
ฝากเงิน วงเงินขึ้นพร้อมเทรดทันที!,li,
"ถอนเงินด่วน ได้รับเงินทันที!
(ทำรายการจันทร์-ศุกร์ 8.00–18.00 น.)",li,
(ทำรายการจันทร์-ศุกร์ 8.00–18.00 น.),span,
จบ “ปัญหากวนใจ” นักเทรดหุ้น,p,
ทุกการใช้งาน ฟรี! ไม่มีค่าใช้จ่าย,p,
"คลิป “สอนเทรดหุ้น”
Finansia HERO School",p,
YouTube,span,vc_tta-title-text
Facebook,span,vc_tta-title-text
TikTok,span,vc_tta-title-text
Twitter,span,vc_tta-title-text
Podcast,span,vc_tta-title-text
คลิปใช้งานเทรดหุ้น Finansia HERO มือถือ,div,wpex-carousel-entry-title entry-title
คลิปใช้งานสอนเทรดหุ้น Finansia HERO คอมพิวเตอร์,div,wpex-carousel-entry-title entry-title
รีวิวจากกูรูการลงทุน,p,
ติดต่อ Finansia HERO,span,
กรุณาเลือกเมนูที่สอบถาม,option, 
สนใจเปิดบัญชี,option, 
สอบถามการใช้งาน Finansia Hero,option, 
อื่นๆ,option, 
SUBMIT,span,text 
โทรศัพท์,div,vcex-icon-box-heading
02-782-2400,a,
Email,div,vcex-icon-box-heading
cxcenter@fnsyrus.com,p,
ที่อยู่,div,vcex-icon-box-heading
"บริษัทหลักทรัพย์ ฟินันเซีย ไซรัส จำกัด (มหาชน)
ชั้น 6 (ห้องเลขที่ 601), 7, 8 และ 9 อาคาร มิ้นท์ ทาวเวอร์
เลขที่ 719 ถนนบรรทัดทอง แขวงวังใหม่ เขตปทุมวัน กรุงเทพฯ 10330",p,
Follow Us,div,vcex-icon-box-heading
แชร์เพจ,div,heateor_sss_sharing_title
© Copyright Finansia HERO 2025 All Rights Reserved.,div,clr
เว็บไซต์นี้ใช้คุกกี้ (Cookies) เพื่อเพิ่มประสิทธิภาพและยกระดับประสบการณ์ในการใช้งานของท่าน ท่านสามารถจัดการความเป็นส่วนตัวได้โดยคลิกที่ปุ่ม 'ตั้งค่า' สำหรับรายละเอียดเพิ่มเติม สามารถศึกษาได้ที่,span,
นโยบายคุกกี้,a,
ยอมรับ,span,v-btn__content
ตั้งค่า,span,v-btn__content